,observed,predicted,abs error
0,212.336,231.39993490547528,19.063934905475264
1,196.199,210.71821561376495,14.519215613764942
2,187.856,188.65696671924874,0.8009667192487484
3,201.635,204.2632383222913,2.6282383222913097
4,232.419,232.27662890465746,0.1423710953425541
5,212.972,222.29926007424402,9.327260074244009
