,observed,predicted,abs error
0,221.549,214.41765140967604,7.131348590323967
1,245.18,234.88301560459072,10.296984395409282
2,167.466,169.9749020941665,2.5089020941665012
