,observed,predicted,abs error
0,291.2,289.2121120750955,1.9878879249044985
1,210.4,216.0808236496764,5.680823649676398
2,224.4,222.73548679965765,1.6645132003423555
3,225.1,224.48219824002385,0.6178017599761461
4,176.0,226.73978565999764,50.73978565999764
